<?xml version="1.0" encoding="UTF-8"?>
<project-private xmlns="http://www.netbeans.org/ns/project-private/1">
    <editor-bookmarks xmlns="http://www.netbeans.org/ns/editor-bookmarks/2" lastBookmarkId="0"/>
    <open-files xmlns="http://www.netbeans.org/ns/projectui-open-files/2">
        <group>
            <file>file:/C:/wamp/www/webdiv/Hospital/libs/scripts.js</file>
            <file>file:/C:/wamp/www/webdiv/Hospital/controller/function.php</file>
            <file>file:/C:/wamp/www/webdiv/Hospital/controller/logtest.php</file>
            <file>file:/C:/wamp/www/webdiv/Hospital/css/template.profile.css</file>
            <file>file:/C:/wamp/www/webdiv/Hospital/index.php</file>
            <file>file:/C:/wamp/www/webdiv/Hospital/profile.php</file>
        </group>
    </open-files>
</project-private>
